{"cameraMode":{"drawMode":0,"name":"Shaded","section":"Shading Mode"},"sceneLighting":false,"audioPlay":false,"sceneViewState":{"showFog":false,"showMaterialUpdate":false,"showSkybox":false,"showFlares":false,"showImageEffects":false,"showParticleSystems":false},"in2DMode":false,"pivot":{"x":-0.6852490901947022,"y":0.0,"z":-1.1672862768173218},"rotation":{"x":0.038535282015800479,"y":-0.9589412808418274,"z":0.23101191222667695,"w":0.1599687784910202},"size":2.8578836917877199,"orthographic":true}