{"cameraMode":{"drawMode":0,"name":"Shaded","section":"Shading Mode"},"sceneLighting":false,"audioPlay":false,"sceneViewState":{"showFog":false,"showMaterialUpdate":false,"showSkybox":false,"showFlares":false,"showImageEffects":false,"showParticleSystems":false},"in2DMode":false,"pivot":{"x":-0.9552490711212158,"y":-1.4901161193847657e-8,"z":-1.6172863245010377},"rotation":{"x":0.038535282015800479,"y":-0.9589412808418274,"z":0.23101191222667695,"w":0.1599687784910202},"size":4.848976135253906,"orthographic":true}