{"cameraMode":{"drawMode":0,"name":"Shaded","section":"Shading Mode"},"sceneLighting":true,"audioPlay":false,"sceneViewState":{"showFog":false,"showMaterialUpdate":false,"showSkybox":false,"showFlares":false,"showImageEffects":false,"showParticleSystems":false},"in2DMode":false,"pivot":{"x":-0.6852489709854126,"y":0.0,"z":-1.1672863960266114},"rotation":{"x":0.038535282015800479,"y":-0.9589412808418274,"z":0.23101191222667695,"w":0.1599687784910202},"size":44.80991744995117,"orthographic":true}