{"cameraMode":{"drawMode":0,"name":"Shaded","section":"Shading Mode"},"sceneLighting":false,"audioPlay":false,"sceneViewState":{"showFog":false,"showMaterialUpdate":false,"showSkybox":false,"showFlares":false,"showImageEffects":false,"showParticleSystems":false},"in2DMode":false,"pivot":{"x":-0.023979246616363527,"y":1.0162676572799683,"z":-0.14329421520233155},"rotation":{"x":0.04449215158820152,"y":0.9433677196502686,"z":-0.14142847061157227,"w":0.2967883050441742},"size":3.3877813816070558,"orthographic":false}